2019rate,2018rate,company,income,profit,country,location
1,1,WALMART,"$514,405.00 ","$6,670.00 ",United States,Bentonville
2,3,SINOPEC GROUP,"$414,649.90 ","$5,845.00 ",China,Beijing
3,5,ROYAL DUTCH SHELL,"$396,556.00 ","$23,352.00 ",Holland,The Hague
4,4,CHINA NATIONAL PETROLEUM,"$392,976.60 ","$2,270.50 ",China,Beijing
5,2,STATE GRID,"$387,056.00 ","$8,174.80 ",China,Beijing
6,--,SAUDI ARAMCO,"$355,905.00 ","$110,974.50 ",Saudi Arabia,Dhahran
7,8,BP,"$303,738.00 ","$9,383.00 ",United Kingdom,London
8,9,EXXON MOBIL,"$290,212.00 ","$20,840.00 ",United States,Irving
9,7,VOLKSWAGEN,"$278,341.50 ","$14,322.50 ",Germany,Wolfsburg
10,6,TOYOTA MOTOR,"$272,612.00 ","$16,982.00 ",Japan,Toyota
11,11,APPLE,"$265,595.00 ","$59,531.00 ",United States,Cupertino
12,10,BERKSHIRE HATHAWAY,"$247,837.00 ","$4,021.00 ",United States,Omaha
13,18,AMAZON.COM,"$232,887.00 ","$10,073.00 ",United States,Seattle
14,15,UNITEDHEALTH GROUP,"$226,247.00 ","$11,986.00 ",United States,Minnetonka
15,12,SAMSUNG ELECTRONICS,"$221,579.40 ","$39,895.20 ",Korea,Suwon
16,14,GLENCORE,"$219,754.00 ","$3,408.00 ",Switzerland,Baar
17,13,MCKESSON,"$214,319.00 ",$34.00 ,United States,Irving
18,16,DAIMLER,"$197,515.30 ","$8,555.00 ",Germany,Stuttgart
19,17,CVS HEALTH,"$194,579.00 ",($594.00),United States,Woonsocket
20,28,TOTAL,"$184,106.00 ","$11,446.00 ",France,Courbevoie
21,23,CHINA STATE CONSTRUCTION ENGINEERING,"$181,524.50 ","$3,159.50 ",China,Beijing
22,32,TRAFIGURA GROUP,"$180,744.10 ",$849.20 ,Singapore,Singapore
23,24,HON HAI PRECISION INDUSTRY,"$175,617.00 ","$4,281.60 ",China,New Taipei City
24,19,EXOR GROUP,"$175,009.50 ","$1,589.70 ",Holland,Amsterdam
25,20,AT&T,"$170,756.00 ","$19,370.00 ",United States,Dallas
26,26,INDUSTRIAL & COMMERCIAL BANK OF CHINA,"$168,979.00 ","$45,002.30 ",China,Beijing
27,25,AMERISOURCEBERGEN,"$167,939.60 ","$1,658.40 ",United States,Chesterbrook
28,33,CHEVRON,"$166,339.00 ","$14,824.00 ",United States,San Ramon
29,29,PING AN INSURANCE,"$163,597.40 ","$16,237.20 ",China,Shenzhen
30,22,FORD MOTOR,"$160,338.00 ","$3,677.00 ",United States,Dearborn
31,31,CHINA CONSTRUCTION BANK,"$151,110.80 ","$38,498.40 ",China,Beijing
32,21,GENERAL MOTORS,"$147,049.00 ","$8,014.00 ",United States,Detroit
33,129,MITSUBISHI,"$145,243.30 ","$5,328.00 ",Japan,Tokyo
34,30,HONDA MOTOR,"$143,302.90 ","$5,504.60 ",Japan,Tokyo
35,35,COSTCO WHOLESALE,"$141,576.00 ","$3,134.00 ",United States,Issaquah
36,40,AGRICULTURAL BANK OF CHINA,"$139,523.60 ","$30,656.50 ",China,Beijing
37,52,ALPHABET,"$136,819.00 ","$30,736.00 ",United States,Mountain View
38,34,CARDINAL HEALTH,"$136,809.00 ",$256.00 ,United States,Dublin
39,36,SAIC MOTOR,"$136,392.50 ","$5,443.80 ",China,Shanghai
40,43,WALGREENS BOOTS ALLIANCE,"$131,537.00 ","$5,024.00 ",United States,Deerfield
41,47,JPMORGAN CHASE & CO.,"$131,412.00 ","$32,474.00 ",United States,New York
42,49,GAZPROM,"$131,302.00 ","$23,199.10 ",Russia,Moscow
43,37,VERIZON COMMUNICATIONS,"$130,863.00 ","$15,528.00 ",United States,New York
44,46,BANK OF CHINA,"$127,714.10 ","$27,225.20 ",China,Beijing
45,38,ALLIANZ,"$126,799.60 ","$8,806.40 ",Germany,Munich
46,27,AXA,"$125,578.20 ","$2,525.60 ",France,Paris
47,39,KROGER,"$121,162.00 ","$3,110.00 ",United States,Cincinnati
48,41,GENERAL ELECTRIC,"$120,268.00 ","($22,355.00)",United States,Boston
49,48,FANNIE MAE,"$120,101.00 ","$15,959.00 ",United States,Washington
50,63,LUKOIL,"$119,145.00 ","$9,863.70 ",Russia,Moscow
51,42,CHINA LIFE INSURANCE,"$116,171.50 ","($2,566.90)",China,Beijing
52,45,JAPAN POST HOLDINGS,"$115,220.50 ","$4,324.00 ",Japan,Tokyo
53,51,BMW GROUP,"$115,042.80 ","$8,399.30 ",Germany,Munich
54,67,PHILLIPS 66,"$114,217.00 ","$5,595.00 ",United States,Houston
55,56,CHINA RAILWAY ENGINEERING GROUP,"$112,132.70 ","$1,240.90 ",China,Beijing
56,53,CHINA MOBILE COMMUNICATIONS,"$112,096.00 ","$11,745.30 ",China,Beijing
57,74,VALERO ENERGY,"$111,407.00 ","$3,122.00 ",United States,San Antonio
58,60,BANK OF AMERICA CORP.,"$110,584.00 ","$28,147.00 ",United States,Charlotte
59,58,CHINA RAILWAY CONSTRUCTION,"$110,455.90 ","$1,186.90 ",China,Beijing
60,71,MICROSOFT,"$110,360.00 ","$16,571.00 ",United States,Redmond
61,72,HUAWEI INVESTMENT & HOLDING,"$109,030.40 ","$8,953.90 ",China,Shenzhen
62,57,HOME DEPOT,"$108,203.00 ","$11,121.00 ",United States,Atlanta
63,87,CHINA NATIONAL OFFSHORE OIL,"$108,130.40 ","$7,331.10 ",China,Beijing
64,55,NIPPON TELEGRAPH & TELEPHONE,"$107,146.90 ","$7,707.50 ",Japan,Tokyo
65,204,ITOCHU,"$104,627.30 ","$4,514.30 ",Japan,Osaka
66,54,NISSAN MOTOR,"$104,390.60 ","$2,878.40 ",Japan,Yokohama
67,--,CHINA DEVELOPMENT BANK,"$103,072.90 ","$16,744.30 ",China,Beijing
68,64,BOEING,"$101,127.00 ","$10,460.00 ",United States,Chicago
69,62,WELLS FARGO,"$101,060.00 ","$22,393.00 ",United States,San Francisco
70,66,SIEMENS,"$98,802.00 ","$6,908.90 ",Germany,Munich
71,76,CITIGROUP,"$97,120.00 ","$18,045.00 ",United States,New York
72,131,MARATHON PETROLEUM,"$97,102.00 ","$2,780.00 ",United States,Findlay
73,84,SK HOLDINGS,"$95,904.50 ","$2,048.00 ",Korea,Seoul
74,73,PETROBRAS,"$95,584.00 ","$7,173.00 ",Brazil,Rio de Janeiro
75,80,COMCAST,"$94,507.00 ","$11,731.00 ",United States,Philadelphia
76,69,NESTL,"$93,512.50 ","$10,364.80 ",Switzerland,Vevey
77,75,BOSCH GROUP,"$92,601.90 ","$3,596.00 ",Germany,Stuttgart
78,88,UNIPER,"$92,260.80 ",($533.40),Germany,Düsseldorf
79,70,ANTHEM,"$92,105.00 ","$3,750.00 ",United States,Indianapolis
80,86,CHINA RESOURCES,"$91,986.00 ","$3,474.60 ",China,Hong Kong
81,68,CARREFOUR,"$91,955.20 ",($662.10),France,Massy
82,65,DONGFENG MOTOR,"$90,934.20 ","$1,599.70 ",China,Wuhan
83,89,ENI,"$90,799.80 ","$4,869.40 ",Italy,Rome
84,93,DELL TECHNOLOGIES,"$90,621.00 ","($2,310.00)",United States,Round Rock
85,77,BANCO SANTANDER,"$90,531.90 ","$9,217.10 ",Spain,Madrid
86,115,ROSNEFT OIL,"$90,055.00 ","$8,745.80 ",Russia,Moscow
87,125,CHINA FAW GROUP,"$89,804.70 ","$2,660.30 ",China,Changchun
88,98,SINOCHEM GROUP,"$89,358.10 ",$701.40 ,China,Beijing
89,83,ENEL,"$89,305.70 ","$5,651.80 ",Italy,Rome
90,81,DEUTSCHE TELEKOM,"$89,286.80 ","$2,556.20 ",Germany,Bonn
91,82,CR?DIT AGRICOLE,"$88,325.00 ","$5,192.70 ",France,Paris
92,59,ASSICURAZIONI GENERALI,"$88,157.40 ","$2,725.00 ",Italy,Trieste
93,91,CHINA COMMUNICATIONS CONSTRUCTION,"$88,140.90 ","$1,585.20 ",China,Beijing
94,78,HYUNDAI MOTOR,"$87,999.20 ","$1,370.80 ",Korea,Seoul
95,107,PEMEX,"$87,403.30 ","($9,377.90)",Mexico,Mexico City
96,108,PEUGEOT,"$87,364.30 ","$3,336.30 ",France,Rueil-Malmaison
97,96,PACIFIC CONSTRUCTION GROUP,"$86,622.60 ","$3,390.90 ",China,Urumqi
98,85,SOFTBANK GROUP,"$86,604.70 ","$12,727.90 ",Japan,Tokyo
99,90,HSBC HOLDINGS,"$86,131.00 ","$13,727.00 ",United Kingdom,London
100,147,DUPONT,"$85,977.00 ","$3,844.00 ",United States,Wilmington
101,113,CHINA POST GROUP,"$85,627.90 ","$4,133.60 ",China,Beijing
102,79,HITACHI,"$85,507.80 ","$2,007.20 ",Japan,Tokyo
103,102,TESCO,"$84,270.60 ","$1,743.10 ",United Kingdom,Welwyn Garden City
104,44,BNP PARIBAS,"$83,973.70 ","$8,881.90 ",France,Paris
105,99,JXTG HOLDINGS,"$82,733.30 ","$2,907.10 ",Japan,Tokyo
106,148,RELIANCE INDUSTRIES,"$82,331.20 ","$5,660.80 ",India,Mumbai
107,101,CHINA ENERGY INVESTMENT,"$81,977.70 ","$3,531.40 ",China,Beijing
108,95,STATE FARM INSURANCE COS.,"$81,732.20 ","$8,788.40 ",United States,Bloomington
109,100,JOHNSON & JOHNSON,"$81,581.00 ","$15,297.00 ",United States,New Brunswick
110,94,ELECTRICIT? DE FRANCE,"$81,403.30 ","$1,389.10 ",France,Paris
111,110,CHINA SOUTHERN POWER GRID,"$80,963.60 ","$1,782.40 ",China,Guangzhou
112,109,CHINA MINMETALS,"$80,076.40 ",($373.60),China,Beijing
113,150,EQUINOR,"$79,593.00 ","$7,535.00 ",Norway,Stavanger
114,92,INTERNATIONAL BUSINESS MACHINES,"$79,591.00 ","$8,728.00 ",United States,Armonk
115,112,BASF,"$78,798.70 ","$5,555.10 ",Germany,Ludwigshafen
116,97,SONY,"$78,157.70 ","$8,264.00 ",Japan,Tokyo
117,137,INDIAN OIL,"$77,587.00 ","$2,484.70 ",India,New Delhi
118,103,AEON,"$77,122.50 ",$214.00 ,Japan,Chiba
119,111,AMER INTERNATIONAL GROUP,"$76,363.10 ","$1,483.00 ",China,Shenzhen
120,127,ARCELORMITTAL,"$76,033.00 ","$5,149.00 ",Luxembourg,Luxembourg
121,117,PEOPLE'S INSURANCE CO. OF CHINA,"$75,377.30 ","$1,952.00 ",China,Beijing
122,116,TARGET,"$75,356.00 ","$2,937.00 ",United States,Minneapolis
123,105,AIRBUS,"$75,185.00 ","$3,604.20 ",Holland,Leiden
124,119,DEUTSCHE POST DHL GROUP,"$75,000.90 ","$2,448.80 ",Germany,Bonn
125,126,NIPPON LIFE INSURANCE,"$74,202.30 ","$2,514.50 ",Japan,Osaka
126,104,ENGIE,"$74,144.10 ","$1,219.10 ",France,Courbevoie
127,118,ROYAL AHOLD DELHAIZE,"$74,103.90 ","$2,116.00 ",Holland,Zaandam
128,106,FREDDIE MAC,"$73,598.00 ","$9,235.00 ",United States,McLean
129,124,BEIJING AUTOMOTIVE GROUP,"$72,677.40 ","$1,097.70 ",China,Beijing
130,163,PTT,"$72,307.20 ","$3,704.40 ",Thailand,Bangkok
131,114,PANASONIC,"$72,178.40 ","$2,562.80 ",Japan,Osaka
132,138,UNITED PARCEL SERVICE,"$71,861.00 ","$4,791.00 ",United States,Atlanta
133,128,LOWE'S,"$71,309.00 ","$2,314.00 ",United States,Mooresville
134,122,COFCO,"$71,223.30 ",$337.80 ,China,Beijing
135,146,INTEL,"$70,848.00 ","$21,053.00 ",United States,Santa Clara
136,123,U.S. POSTAL SERVICE,"$70,660.00 ","($3,913.00)",United States,Washington
137,149,CITIC GROUP,"$70,659.00 ","$4,566.00 ",China,Beijing
138,230,CHINA EVERGRANDE GROUP,"$70,478.90 ","$5,652.60 ",China,Shenzhen
139,181,JD.COM,"$69,847.60 ",($376.70),China,Beijing
140,140,CHINA NORTH INDUSTRIES GROUP,"$68,777.70 ",$966.40 ,China,Beijing
141,141,CHINA TELECOMMUNICATIONS,"$68,709.50 ","$1,664.60 ",China,Beijing
142,136,METLIFE,"$67,941.00 ","$5,123.00 ",United States,New York
143,134,RENAULT,"$67,764.10 ","$3,896.90 ",France,Boulogne-Billancourt
144,167,CHEMCHINA,"$67,397.50 ","($2,207.60)",China,Beijing
145,120,MUNICH RE GROUP,"$67,225.90 ","$2,726.20 ",Germany,Munich
146,135,PROCTER & GAMBLE,"$66,832.00 ","$9,750.00 ",United States,Cincinnati
147,130,MARUBENI,"$66,753.50 ","$2,082.50 ",Japan,Tokyo
148,159,UNITED TECHNOLOGIES,"$66,501.00 ","$5,269.00 ",United States,Farmington
149,162,CHINA BAOWU STEEL GROUP,"$66,310.00 ","$2,168.20 ",China,Shanghai
150,168,BANK OF COMMUNICATIONS,"$65,644.80 ","$11,131.30 ",China,Shanghai
151,161,AVIATION INDUSTRY CORP. OF CHINA,"$65,534.40 ",$695.00 ,China,Beijing
152,155,FEDEX,"$65,450.00 ","$4,572.00 ",United States,Memphis
153,145,DAI-ICHI LIFE HOLDINGS,"$64,794.90 ","$2,029.60 ",Japan,Tokyo
154,144,PEPSICO,"$64,661.00 ","$12,515.00 ",United States,Purchase
155,152,ARCHER DANIELS MIDLAND,"$64,341.00 ","$1,810.00 ",United States,Chicago
156,160,PRUDENTIAL FINANCIAL,"$62,992.00 ","$4,074.00 ",United States,Newark
157,246,MITSUI,"$62,751.40 ","$3,735.90 ",Japan,Tokyo
158,191,PETRONAS,"$62,230.60 ","$11,868.30 ",Malaysia,Kuala Lumpur
159,179,SEVEN & I HOLDINGS,"$61,486.50 ","$1,838.00 ",Japan,Tokyo
160,197,OIL & NATURAL GAS,"$61,420.40 ","$4,360.60 ",India,New Delhi
161,182,POWERCHINA,"$61,224.00 ",$803.80 ,China,Beijing
162,165,TOYOTA TSUSHO,"$60,994.30 ","$1,196.10 ",Japan,Nagoya
163,169,ROCHE GROUP,"$60,846.20 ","$10,738.10 ",Switzerland,Basel
164,156,AUCHAN HOLDING,"$60,749.20 ","($1,351.30)",France,Croix
165,157,ALBERTSONS COS.,"$60,534.50 ",$131.10 ,United States,Boise
166,177,MITSUBISHI UFJ FINANCIAL GROUP,"$60,405.30 ","$7,871.00 ",Japan,Tokyo
167,153,UNILEVER,"$60,167.30 ","$11,080.60 ",United Kingdom ,London
168,210,CENTENE,"$60,116.00 ",$900.00 ,United States,St. Louis
169,194,SINOPHARM,"$59,980.20 ",$884.40 ,China,Beijing
170,176,WALT DISNEY,"$59,434.00 ","$12,598.00 ",United States,Burbank
171,184,POSCO,"$59,223.20 ","$1,556.10 ",Korea,Seoul
172,174,SYSCO,"$58,727.30 ","$1,430.80 ",United States,Houston
173,190,HP,"$58,472.00 ","$5,327.00 ",United States,Palo Alto
174,121,SOCI?T? G?N?RALE,"$58,390.00 ","$4,560.20 ",France,Paris
175,253,PERTAMINA,"$57,933.60 ","$2,526.80 ",Indonesia,Jakarta
176,164,TELEF?NICA,"$57,465.90 ","$3,931.10 ",Spain,Madrid
177,353,COUNTRY GARDEN HOLDINGS,"$57,308.70 ","$5,233.50 ",China,Foshan
178,186,TOKYO ELECTRIC POWER,"$57,167.40 ","$2,096.10 ",Japan,Tokyo
179,183,HUMANA,"$56,912.00 ","$1,683.00 ",United States,Louisville
180,272,BROOKFIELD ASSET MANAGEMENT,"$56,771.00 ","$3,584.00 ",Canada,"Toronto, Ontario"
181,235,HENGLI GROUP,"$56,198.60 ",$582.90 ,China,Suzhou City
182,300,ALIBABA GROUP HOLDING,"$56,147.20 ","$13,094.40 ",China,Hangzhou
183,214,RWE,"$56,016.70 ",$465.00 ,Germany,Essen
184,274,FACEBOOK,"$55,838.00 ","$22,112.00 ",United States,Menlo Park
185,178,LG ELECTRONICS,"$55,757.40 ","$1,127.20 ",Korea,Seoul
186,198,NIPPON STEEL CORPORATION,"$55,720.20 ","$2,265.30 ",Japan,Tokyo
187,208,CHRISTIAN DIOR,"$55,262.60 ","$3,037.80 ",France,Paris
188,213,CHINA MERCHANTS BANK,"$55,063.50 ","$12,179.00 ",China,Shenzhen
189,202,GUANGZHOU AUTOMOBILE INDUSTRY GROUP,"$55,037.20 ",$885.50 ,China,Guangzhou
190,238,CATERPILLAR,"$54,722.00 ","$6,147.00 ",United States,Deerfield
191,133,ITA? UNIBANCO HOLDING,"$54,662.50 ","$6,814.80 ",Brazil,S?o Paulo
192,170,ANHEUSER-BUSCH INBEV,"$54,619.00 ","$4,368.00 ",Belgium,Leuven
193,188,KOREA ELECTRIC POWER,"$54,567.90 ","($1,194.90)",Korea,Jeollanam-do
194,217,ENERGY TRANSFER,"$54,436.00 ","$1,694.00 ",United States,Dallas
195,195,WESFARMERS,"$53,985.30 ",$927.40 ,Australia,Perth
196,180,AM?RICA M?VIL,"$53,977.60 ","$2,733.00 ",Mexico,Mexico City
197,200,LOCKHEED MARTIN,"$53,762.00 ","$5,046.00 ",United States,Bethesda
198,187,PFIZER,"$53,647.00 ","$11,153.00 ",United States,New York
199,220,CHINA PACIFIC INSURANCE (GROUP,"$53,572.10 ","$2,724.10 ",China,Shanghai
200,262,REPSOL,"$53,176.00 ","$2,762.80 ",Spain,Madrid
201,203,NOVARTIS,"$53,166.00 ","$12,611.00 ",Switzerland,Basel
202,252,GREENLAND HOLDING GROUP,"$52,720.90 ","$1,719.60 ",China,Shanghai
203,243,CHINA NATIONAL BUILDING MATERIAL GROUP,"$52,610.60 ",$69.40 ,China,Beijing
204,259,GOLDMAN SACHS GROUP,"$52,528.00 ","$10,459.00 ",United States,New York
205,206,CONTINENTAL,"$52,404.70 ","$3,419.30 ",Germany,Hanover
206,226,VINCI,"$52,345.20 ","$3,520.40 ",France,Rueil-Malmaison
207,196,FINATIS,"$52,272.00 ",($208.90),France,Paris
208,211,DEUTSCHE BAHN,"$52,004.10 ",$623.10 ,Germany,Berlin
209,192,SUMITOMO MITSUI FINANCIAL GROUP,"$51,728.00 ","$6,554.10 ",Japan,Tokyo
210,299,ALIMENTATION COUCHE-TARD,"$51,394.40 ","$1,673.60 ",Canada,"Laval, Quebec"
211,234,SHANDONG ENERGY GROUP,"$51,245.60 ",$573.00 ,China,Jinan
212,240,LENOVO GROUP,"$51,037.90 ",$596.30 ,China,Hong Kong
213,237,INDUSTRIAL BANK,"$50,991.40 ","$9,164.50 ",China,Fuzhou
214,239,HBIS GROUP,"$50,920.60 ",($77.80),China,Shijiazhuang
215,218,THYSSENKRUPP,"$50,856.10 ",$9.50 ,Germany,Essen
216,227,SHANGHAI PUDONG DEVELOPMENT BANK,"$50,545.70 ","$8,453.00 ",China,Shanghai
217,158,VODAFONE GROUP,"$50,532.40 ","($9,281.10)",United Kingdom,Newbury
218,249,MORGAN STANLEY,"$50,193.00 ","$8,748.00 ",United States,New York
219,199,JBS,"$49,709.70 ",$6.90 ,Brazil,S?o Paulo
220,267,ZHEJIANG GEELY HOLDING GROUP,"$49,665.40 ","$1,969.30 ",China,Hangzhou
221,166,BANCO BRADESCO,"$49,612.30 ","$4,537.50 ",Brazil,Osasco
222,221,MS&AD INSURANCE GROUP HOLDINGS,"$49,609.60 ","$1,738.00 ",Japan,Tokyo
223,151,GROUPE BPCE,"$49,529.30 ","$3,571.20 ",France,Paris
224,209,TOKIO MARINE HOLDINGS,"$49,395.70 ","$2,476.50 ",Japan,Tokyo
225,212,CISCO SYSTEMS,"$49,330.00 ",$110.00 ,United States,San Jose
226,231,SAINT-GOBAIN,"$49,300.40 ",$495.70 ,France,Courbevoie
227,219,KIA MOTORS,"$49,238.40 ","$1,050.70 ",Korea,Seoul
228,225,ORANGE,"$48,836.50 ","$2,306.00 ",France,Paris
229,263,CIGNA,"$48,650.00 ","$2,637.00 ",United States,Bloomfield
230,229,DENSO,"$48,368.00 ","$2,295.60 ",Japan,Kariya
231,250,SUMITOMO,"$48,155.70 ","$2,890.90 ",Japan,Tokyo
232,251,CHINA MINSHENG BANKING,"$47,981.30 ","$7,608.40 ",China,Beijing
233,228,WOOLWORTHS GROUP,"$47,842.10 ","$1,335.70 ",Australia,Bella Vista
234,224,BANCO BILBAO VIZCAYA ARGENTARIA,"$47,608.00 ","$6,283.20 ",Spain,Bilbao
235,207,AMERICAN INTERNATIONAL GROUP,"$47,389.00 ",($6.00),United States,New York
236,216,STATE BANK OF INDIA,"$47,286.00 ",$328.80 ,India,Mumbai
237,331,TENCENT HOLDINGS,"$47,272.70 ","$11,900.60 ",China,Shenzhen
238,142,ZURICH INSURANCE GROUP,"$47,180.00 ","$3,716.00 ",Switzerland,Zurich
239,223,DEUTSCHE BANK,"$46,969.50 ",$315.10 ,Germany,Frankfurt
240,193,BAYER,"$46,718.10 ","$2,000.40 ",Germany,Leverkusen
241,215,HCA HEALTHCARE,"$46,677.00 ","$3,787.00 ",United States,Nashville
242,312,CHINA POLY GROUP,"$46,207.10 ","$1,495.90 ",China,Beijing
243,245,CHINA SHIPBUILDING INDUSTRY,"$46,114.40 ",$930.20 ,China,Beijing
244,280,CHINA MERCHANTS GROUP,"$45,925.70 ","$4,468.70 ",China,Hong Kong
245,236,KDDI,"$45,820.80 ","$5,570.90 ",Japan,Tokyo
246,296,BHP GROUP,"$45,809.00 ","$3,705.00 ",Australia,Melbourne
247,233,BUNGE,"$45,743.00 ",$267.00 ,United States,White Plains
248,201,CNP ASSURANCES,"$45,461.30 ","$1,612.90 ",France,Paris
249,270,WUCHAN ZHONGDA GROUP,"$45,435.00 ",$362.40 ,China,Hangzhou
250,256,SINOMACH,"$45,424.00 ",$487.80 ,China,Beijing
251,222,ALUMINUM CORP. OF CHINA,"$45,383.80 ",$112.70 ,China,Beijing
252,281,SABIC,"$45,096.40 ","$5,738.30 ",Saudi Arabia,Riyadh
253,286,VOLVO,"$44,957.00 ","$2,863.90 ",Sweden,G?teborg
254,332,CHINA VANKE,"$44,912.60 ","$5,105.70 ",China,Shenzhen
255,205,SBERBANK,"$44,898.40 ","$13,268.50 ",Russia,Moscow
256,292,ROYAL BANK OF CANADA,"$44,609.30 ","$9,635.80 ",Canada,"Toronto, Ontario"
257,260,AMERICAN AIRLINES GROUP,"$44,541.00 ","$1,412.00 ",United States,Fort Worth
258,248,WILMAR INTERNATIONAL,"$44,497.70 ","$1,128.00 ",Singapore,Singapore
259,285,PEGATRON,"$44,453.30 ",$368.70 ,China,Taipei
260,266,DELTA AIR LINES,"$44,438.00 ","$3,935.00 ",United States,Atlanta
261,244,HANWHA,"$44,303.00 ",$425.80 ,Korea,Seoul
262,273,CHINA UNITED NETWORK COMMUNICATIONS,"$43,974.40 ",$616.90 ,China,Beijing
263,288,SHAANXI YANCHANG PETROLEUM (GROUP,"$43,858.10 ",$306.50 ,China,Xi'an
264,264,CHARTER COMMUNICATIONS,"$43,634.00 ","$1,230.00 ",United States,Stamford
265,232,TATA MOTORS,"$43,599.20 ","($4,122.00)",India,Mumbai
266,268,ZF FRIEDRICHSHAFEN,"$43,582.40 ","$1,064.50 ",Germany,Friedrichshafen
267,269,METRO,"$43,466.50 ",$409.30 ,Germany,Düsseldorf
268,258,NEW YORK LIFE INSURANCE,"$43,425.30 ",$880.00 ,United States,New York
269,175,BANCO DO BRASIL,"$43,332.90 ","$3,782.90 ",Brazil,Brasília
270,327,AMERICAN EXPRESS,"$43,281.00 ","$6,921.00 ",United States,New York
271,247,NATIONWIDE,"$43,270.00 ",$512.60 ,United States,Columbus
272,284,ACS,"$43,263.20 ","$1,079.90 ",Spain,Madrid
273,185,SHANDONG WEIQIAO PIONEERING GROUP,"$43,008.40 ",$852.60 ,China,Shandong
274,306,UBS GROUP,"$42,960.00 ","$4,516.00 ",Switzerland,Zurich
275,314,BHARAT PETROLEUM,"$42,935.60 ","$1,115.70 ",India,Mumbai
276,261,BEST BUY,"$42,879.00 ","$1,464.00 ",United States,Richfield
277,362,XIAMEN C&D,"$42,726.30 ",$631.30 ,China,Xiamen
278,255,LIBERTY MUTUAL INSURANCE GROUP,"$42,685.00 ","$2,160.00 ",United States,Boston
279,335,CHINA COSCO SHIPPING,"$42,607.70 ","$1,554.50 ",China,Shanghai
280,283,JARDINE MATHESON,"$42,527.00 ","$1,732.00 ",China,Hong Kong
281,294,SHAANXI COAL & CHEMICAL INDUSTRY,"$42,418.80 ",$90.80 ,China,Xi'an
282,291,TALANX,"$42,390.50 ",$829.70 ,Germany,Hanover
283,371,CHINA NATIONAL AVIATION FUEL GROUP,"$42,370.90 ",$476.20 ,China,Beijing
284,277,LUFTHANSA GROUP,"$42,302.00 ","$2,552.70 ",Germany,Cologne
285,276,MERCK,"$42,294.00 ","$6,220.00 ",United States,Kenilworth
286,289,CHINA HUANENG GROUP,"$42,280.90 ",$8.90 ,China,Beijing
287,307,BOUYGUES,"$42,179.20 ","$1,547.20 ",France,Paris
288,271,SANOFI,"$42,104.90 ","$5,081.80 ",France,Paris
289,322,CHINA EVERBRIGHT GROUP,"$41,879.70 ","$1,890.80 ",China,Beijing
290,275,HONEYWELL INTERNATIONAL,"$41,802.00 ","$6,765.00 ",United States,Morris Plains
291,360,XIAMEN ITG HOLDING GROUP,"$41,437.50 ",$62.80 ,China,Xiamen
292,330,IBERDROLA,"$41,395.40 ","$3,557.10 ",Spain,Bilbao
293,301,UNITED CONTINENTAL HOLDINGS,"$41,303.00 ","$2,129.00 ",United States,Chicago
294,305,MAERSK GROUP,"$41,256.00 ","$3,169.00 ",Denmark,Copenhagen
295,337,TORONTO-DOMINION BANK,"$41,198.70 ","$8,751.50 ",Canada,"Toronto, Ontario"
296,290,GLAXOSMITHKLINE,"$41,108.50 ","$4,832.30 ",United Kingdom,Brentford
297,319,TIAA,"$41,052.10 ","$1,560.50 ",United States,New York
298,316,ACCENTURE,"$40,993.00 ","$4,059.90 ",Ireland,Dublin
299,287,MAGNA INTERNATIONAL,"$40,827.00 ","$2,296.00 ",Canada,"Aurora, Ontario"
300,279,MITSUBISHI ELECTRIC,"$40,766.10 ","$2,044.20 ",Japan,Tokyo
301,361,CEDAR HOLDINGS GROUP,"$40,640.80 ",$844.70 ,China,Guangzhou
302,173,LOUIS DREYFUS,"$40,571.00 ",$355.00 ,Holland,Rotterdam
303,278,RIO TINTO GROUP,"$40,522.00 ","$13,638.00 ",United Kingdom,London
304,310,EDEKA ZENTRALE,"$40,454.20 ",$380.00 ,Germany,Hamburg
305,--,CAIXA ECON?MICA FEDERAL,"$40,240.50 ","$2,833.30 ",Brazil,Brasilia
306,297,TYSON FOODS,"$40,052.00 ","$3,024.00 ",United States,Springdale
307,302,ORACLE,"$39,831.00 ","$3,825.00 ",United States,Redwood City
308,293,ALLSTATE,"$39,815.00 ","$2,252.00 ",United States,Northbrook
309,351,WORLD FUEL SERVICES,"$39,750.30 ",$127.70 ,United States,Miami
310,171,ING GROUP,"$39,598.20 ","$5,618.80 ",Holland,Amsterdam
311,318,CENTRICA,"$39,594.70 ",$244.10 ,United Kingdom,Windsor
312,323,MIDEA GROUP,"$39,581.60 ","$3,058.50 ",China,Foshan
313,298,FRESENIUS,"$39,571.00 ","$2,392.20 ",Germany,Bad Homburg
314,357,MASSACHUSETTS MUTUAL LIFE INSURANCE,"$39,267.20 ",$397.90 ,United States,Springfield
315,324,INTESA SANPAOLO,"$39,050.60 ","$4,779.70 ",Italy,Turin
316,338,LYONDELLBASELL INDUSTRIES,"$39,004.00 ","$4,688.00 ",Holland,Rotterdam
317,321,TJX,"$38,972.90 ","$3,059.80 ",United States,Framingham
318,399,YANKUANG GROUP,"$38,887.30 ",($258.00),China,Zoucheng
319,363,CONOCOPHILLIPS,"$38,727.00 ","$6,257.00 ",United States,Houston
320,336,BARCLAYS,"$38,278.30 ","$2,862.30 ",United Kingdom,London
321,303,J. SAINSBURY,"$38,064.00 ",$287.40 ,United Kingdom,London
322,346,CHINA AEROSPACE SCIENCE & INDUSTRY,"$37,869.80 ","$1,846.40 ",China,Beijing
323,343,CHINA AEROSPACE SCIENCE & TECHNOLOGY,"$37,727.60 ","$2,463.70 ",China,Beijing
324,309,MEIJI YASUDA LIFE INSURANCE,"$37,722.90 ","$2,070.60 ",Japan,Tokyo
325,308,GEORGE WESTON,"$37,474.80 ",$442.90 ,Canada,"Toronto, Ontario"
326,320,SNCF MOBILIT?S,"$37,388.90 ","$5,313.10 ",France,St. Denis
327,342,DAIWA HOUSE INDUSTRY,"$37,371.20 ","$2,141.50 ",Japan,Osaka
328,341,ABB,"$37,360.00 ","$2,173.00 ",Switzerland,Zurich
329,394,DEERE,"$37,357.70 ","$2,368.40 ",United States,Moline
330,315,TECH DATA,"$37,239.00 ",$340.60 ,United States,Clearwater
331,282,POWER CORP. OF CANADA,"$37,112.20 ","$1,033.20 ",Canada,"Montreal, Quebec"
332,257,SWISS RE,"$37,047.00 ",$462.00 ,Switzerland,Zurich
333,427,SUNING.COM GROUP,"$37,032.20 ","$2,014.80 ",China,Nanjing
334,311,MITSUBISHI HEAVY INDUSTRIES,"$36,783.50 ",$914.10 ,Japan,Tokyo
335,442,SK HYNIX,"$36,763.10 ","$14,125.40 ",Korea,Gyeonggi
336,325,VALE,"$36,696.00 ","$6,860.00 ",Brazil,Rio de Janeiro
337,403,ENTERPRISE PRODUCTS PARTNERS,"$36,534.20 ","$4,172.40 ",United States,Houston
338,375,XMXYG,"$36,503.70 ",$199.30 ,China,Xiamen
339,329,AISIN SEIKI,"$36,465.70 ",$993.20 ,Japan,Kariya
340,364,JIANGSU SHAGANG GROUP,"$36,440.90 ","$1,869.20 ",China,Zhangjiagang
341,340,NIKE,"$36,397.00 ","$1,933.00 ",United States,Beaverton
342,334,PUBLIX SUPER MARKETS,"$36,395.70 ","$2,381.20 ",United States,Lakeland
343,383,GENERAL DYNAMICS,"$36,193.00 ","$3,345.00 ",United States,Falls Church
344,356,EXELON,"$35,985.00 ","$2,010.00 ",United States,Chicago
345,317,CANON,"$35,796.90 ","$2,289.50 ",Japan,Tokyo
346,345,ENBRIDGE,"$35,785.00 ","$2,223.70 ",Canada,"Calgary, Alberta"
347,359,JIZHONG ENERGY GROUP,"$35,721.30 ",($152.80),China,Xingtai
348,254,E.ON,"$35,703.60 ","$3,803.70 ",Germany,Essen
349,313,FUJITSU,"$35,647.90 ",$943.10 ,Japan,Tokyo
350,367,MIZUHO FINANCIAL GROUP,"$35,406.30 ",$870.90 ,Japan,Tokyo
351,352,MITSUBISHI CHEMICAL HOLDINGS,"$35,386.40 ","$1,529.00 ",Japan,Tokyo
352,374,CK HUTCHISON HOLDINGS,"$35,361.20 ","$4,976.30 ",China,Hong Kong
353,189,LLOYDS BANKING GROUP,"$35,251.90 ","$5,737.90 ",United Kingdom,London
354,398,IDEMITSU KOSAN,"$35,091.00 ",$734.60 ,Japan,Tokyo
355,304,POSTE ITALIANE,"$35,071.10 ","$1,651.10 ",Italy,Rome
356,358,JFE HOLDINGS,"$34,937.40 ","$1,474.70 ",Japan,Tokyo
357,348,SUZUKI MOTOR,"$34,917.90 ","$1,612.30 ",Japan,Hamamatsu
358,370,JIANGXI COPPER,"$34,870.00 ",$131.40 ,China,Guixi
359,--,CRRC GROUP,"$34,673.00 ",$486.60 ,China,Beijing
360,373,CREDIT SUISSE GROUP,"$34,284.20 ","$2,069.90 ",Switzerland,Zurich
361,--,TSINGSHAN HOLDING GROUP,"$34,242.20 ",$578.60 ,China,Wenzhou
362,395,STATE POWER INVESTMENT,"$34,229.20 ",$170.70 ,China,Beijing
363,368,TAIWAN SEMICONDUCTOR MANUFACTURING,"$34,218.20 ","$12,043.90 ",China,Hsinchu
364,333,CHINA ENERGY ENGINEERING GROUP,"$34,176.50 ",$432.60 ,China,Beijing
365,354,QUANTA COMPUTER,"$34,102.60 ",$501.50 ,China,Taoyuan
366,452,PLAINS GP HOLDINGS,"$34,055.00 ",$334.00 ,United States,Houston
367,242,CHINA SOUTH INDUSTRIES GROUP,"$33,895.80 ",$268.10 ,China,Beijing
368,464,YANGO LONGKING GROUP,"$33,394.80 ",$613.60 ,China,Fuzhou
369,--,JINCHUAN GROUP,"$33,391.60 ",$234.00 ,China,Jinchang City
370,388,CHINA ELECTRONICS TECHNOLOGY GROUP,"$33,323.80 ","$1,755.20 ",China,Beijing
371,326,TOSHIBA,"$33,312.80 ","$9,138.80 ",Japan,Tokyo
372,50,PRUDENTIAL,"$33,252.60 ","$4,014.70 ",United Kingdom,London
373,349,COMMONWEALTH BANK OF AUSTRALIA,"$33,186.30 ","$7,228.00 ",Australia,Sydney
374,365,BRIDGESTONE,"$33,062.90 ","$2,641.70 ",Japan,Tokyo
375,369,CHINA ELECTRONICS,"$33,055.70 ",$350.30 ,China,Beijing
376,438,GS CALTEX,"$33,052.70 ",$639.50 ,Korea,Seoul
377,347,SOMPO HOLDINGS,"$32,857.40 ","$1,322.50 ",Japan,Tokyo
378,350,SUMITOMO LIFE INSURANCE,"$32,825.00 ",$435.30 ,Japan,Osaka
379,386,SCHLUMBERGER,"$32,815.00 ","$2,138.00 ",United States,Houston
380,376,3M,"$32,765.00 ","$5,349.00 ",United States,St. Paul
381,422,ABBVIE,"$32,753.00 ","$5,687.00 ",United States,North Chicago
382,366,CHUBB,"$32,717.00 ","$3,962.00 ",Switzerland,Zurich
383,372,CHS,"$32,683.30 ",$775.90 ,United States,Inver Grove Heights
384,453,BRITISH AMERICAN TOBACCO,"$32,667.00 ","$8,045.40 ",United Kingdom,London
385,428,ANSTEEL GROUP,"$32,619.40 ",($254.50),China,Anshan
386,397,CHINA HUADIAN,"$32,421.40 ",$464.40 ,China,Beijing
387,391,CAPITAL ONE FINANCIAL,"$32,377.00 ","$6,015.00 ",United States,McLean
388,295,AIA GROUP,"$32,369.00 ","$2,597.00 ",China,Hong Kong
389,378,MAZDA MOTOR,"$32,150.80 ",$572.50 ,Japan,Hiroshima
390,404,COMPAL ELECTRONICS,"$32,102.80 ",$295.70 ,China,Taipei
391,437,PROGRESSIVE,"$31,979.00 ","$2,615.30 ",United States,Mayfield Village
392,355,DZ BANK,"$31,975.50 ",$972.50 ,Germany,Frankfurt
393,380,HYUNDAI MOBIS,"$31,949.40 ","$1,716.90 ",Korea,Seoul
394,436,CPC,"$31,928.90 ","$1,137.60 ",China,Kaohsiung
395,328,COCA-COLA,"$31,856.00 ","$6,434.00 ",United States,Atlanta
396,392,L'OR?AL,"$31,790.70 ","$4,597.20 ",France,Clichy
397,382,CRH,"$31,625.00 ","$2,970.50 ",Ireland,Dublin
398,430,BANK OF NOVA SCOTIA,"$31,589.30 ","$6,642.50 ",Canada,"Toronto, Ontario"
399,389,JOHNSON CONTROLS INTERNATIONAL,"$31,400.00 ","$2,162.00 ",Ireland,Cork
400,390,UNITED SERVICES AUTOMOBILE ASSN.,"$31,367.80 ","$2,291.90 ",United States,San Antonio
401,406,AIR FRANCE-KLM GROUP,"$31,292.20 ",$482.70 ,France,Paris
402,431,SHOUGANG GROUP,"$31,103.80 ",$84.20 ,China,Beijing
403,413,COMPASS GROUP,"$30,878.80 ","$1,512.70 ",United Kingdom,Chertsey
404,409,HEWLETT PACKARD ENTERPRISE,"$30,852.00 ","$1,908.00 ",United States,Palo Alto
405,377,BT GROUP,"$30,743.00 ","$2,833.10 ",United Kingdom,London
406,408,INDITEX,"$30,686.70 ","$4,042.30 ",Spain,Arteixo
407,419,VEOLIA ENVIRONNEMENT,"$30,579.50 ",$518.40 ,France,Aubervilliers
408,433,ABBOTT LABORATORIES,"$30,578.00 ","$2,368.00 ",United States,Abbott Park
409,--,MICRON TECHNOLOGY,"$30,391.00 ","$14,135.00 ",United States,Boise
410,469,PKN ORLEN GROUP,"$30,389.90 ","$1,539.10 ",Poland,Plock
411,424,SCHNEIDER ELECTRIC,"$30,353.90 ","$2,754.50 ",France,Rueil-Malmaison
412,417,PHOENIX PHARMA,"$30,296.00 ",($174.50),Germany,Rueil-Malmaison
413,407,TRAVELERS COS.,"$30,282.00 ","$2,523.00 ",United States,New York
414,--,GREE ELECTRICAL APPLIANCES,"$30,239.40 ","$3,961.30 ",China,Zhuhai
415,412,COOP GROUP,"$30,235.40 ",$483.70 ,Switzerland,Basel
416,461,NORTHROP GRUMMAN,"$30,095.00 ","$3,229.00 ",United States,Falls Church
417,476,SUNCOR ENERGY,"$30,081.40 ","$2,540.90 ",Canada,"Calgary, Alberta"
418,241,MANULIFE FINANCIAL,"$30,070.60 ","$3,703.70 ",Canada,"Toronto, Ontario"
419,396,MEDTRONIC,"$29,953.00 ","$3,104.00 ",Ireland,Dublin
420,420,KANSAI ELECTRIC POWER,"$29,832.50 ","$1,037.90 ",Japan,Osaka
421,440,ARROW ELECTRONICS,"$29,676.80 ",$716.20 ,United States,Centennial
422,411,PHILIP MORRIS INTERNATIONAL,"$29,625.00 ","$7,911.00 ",United States,New York
423,435,KO? HOLDING,"$29,592.30 ","$1,143.80 ",Turkey,Istanbul
424,432,WISTRON,"$29,509.50 ",$162.80 ,China,Taipei
425,402,UNICREDIT GROUP,"$29,332.30 ","$4,593.70 ",Italy,Milan
426,421,SAMSUNG LIFE INSURANCE,"$29,305.80 ","$1,512.90 ",Korea,Seoul
427,446,SAP,"$29,159.60 ","$4,818.60 ",Germany,Walldorf
428,434,LA POSTE,"$29,149.00 ",$941.80 ,France,Paris
429,401,NORTHWESTERN MUTUAL,"$29,124.00 ",$783.00 ,United States,Milwaukee
430,429,NATURGY ENERGY GROUP,"$29,123.00 ","($3,330.40)",Spain,Madrid
431,415,MIGROS GROUP,"$29,098.20 ",$511.30 ,Switzerland,Zurich
432,426,DANONE,"$29,092.30 ","$2,772.20 ",France,Paris
433,414,WESTPAC BANKING,"$29,027.90 ","$6,151.50 ",Australia,Sydney
434,471,KB FINANCIAL GROUP,"$29,000.90 ","$2,782.50 ",Korea,Seoul
435,460,INTERNATIONAL AIRLINES GROUP,"$28,803.20 ","$3,404.80 ",United Kingdom,Harmondsworth
436,418,MEDIPAL HOLDINGS,"$28,698.50 ",$309.90 ,Japan,Tokyo
437,425,SUMITOMO ELECTRIC INDUSTRIES,"$28,662.90 ","$1,064.80 ",Japan,Osaka
438,468,CHINA DATANG,"$28,654.90 ",$323.40 ,China,Beijing
439,456,XINJIANG GUANGHUI INDUSTRY INVESTMENT,"$28,564.00 ",$137.00 ,China,Urumqi
440,384,SUBARU,"$28,505.40 ","$1,333.10 ",Japan,Tokyo
441,--,ANHUI CONCH GROUP,"$28,499.00 ","$1,628.90 ",China,Wuhu
442,--,HUAXIA LIFE INSURANCE,"$28,492.80 ",$398.80 ,China,Beijing
443,454,CFE,"$28,457.10 ","$2,322.30 ",Mexico,Mexico City
444,458,SAMSUNG C&T,"$28,319.40 ","$1,556.90 ",Korea,Seoul
445,441,ADECCO GROUP,"$28,167.10 ",$540.50 ,Switzerland,Zurich
446,450,RANDSTAD,"$28,102.20 ",$830.80 ,Holland,Diemen
447,444,LAFARGEHOLCIM,"$28,088.80 ","$1,536.10 ",Switzerland,Jona
448,499,HAIER SMART HOME,"$27,713.60 ","$1,124.80 ",China,Qingdao
449,400,INTL FCSTONE,"$27,622.70 ",$55.50 ,United States,New York
450,449,ANGLO AMERICAN,"$27,610.00 ","$3,549.00 ",United Kingdom,London
451,465,CHINA TAIPING INSURANCE GROUP,"$27,485.80 ",$434.00 ,China,Hong Kong
452,439,MAPFRE GROUP,"$27,423.50 ",$624.10 ,Spain,Madrid
453,462,CHUBU ELECTRIC POWER,"$27,374.10 ",$716.30 ,Japan,Nagoya
454,--,PBF ENERGY,"$27,186.10 ",$128.30 ,United States,Parsippany
455,410,CATHAY LIFE INSURANCE,"$27,183.40 ","$1,001.50 ",China,Taipei
456,--,FINANCI?RE DE L'ODET,"$27,172.70 ",$144.10 ,France,Paris
457,448,AUSTRALIA & NEW ZEALAND BANKING GROUP,"$27,147.90 ","$4,863.40 ",Australia,Docklands
458,443,EAST JAPAN RAILWAY,"$27,076.10 ","$2,662.60 ",Japan,Tokyo
459,--,OMV GROUP,"$27,061.30 ","$1,789.10 ",Austria,Vienna
460,467,RAYTHEON,"$27,058.00 ","$2,909.00 ",United States,Waltham
461,--,TONGLING NONFERROUS METALS GROUP,"$26,846.70 ",($70.20),China,Tongling
462,495,SHANXI LUAN MINING GROUP,"$26,840.50 ",$1.20 ,China,Changzhi
463,493,CJ CORP.,"$26,835.70 ",$250.90 ,Korea,Seoul
464,497,DATONG COAL MINE GROUP,"$26,697.60 ",($181.80),China,Datong
465,--,SHANXI COKING COAL GROUP,"$26,692.80 ",$141.60 ,China,Taiyuan
466,457,NOKIA,"$26,628.10 ",($401.30),Finland,Espoo
467,475,HEINEKEN HOLDING,"$26,608.10 ","$1,134.10 ",Holland,Amsterdam
468,--,XIAOMI,"$26,443.50 ","$2,049.10 ",China,Beijing
469,494,YANGQUAN COAL INDUSTRY GROUP,"$26,290.10 ",($131.10),China,Yangquan
470,463,NEC,"$26,277.00 ",$362.50 ,Japan,Tokyo
471,479,FUBON FINANCIAL HOLDING,"$26,276.50 ","$1,583.40 ",China,Taipei
472,451,KRAFT HEINZ,"$26,268.00 ","($10,192.00)",United States,Pittsburgh
473,--,HAILIANG GROUP,"$26,251.00 ",$237.60 ,China,Hangzhou
474,466,FLEX,"$26,210.50 ",$93.40 ,Singapore,Singapore
475,381,XINXING CATHAY INTERNATIONAL GROUP,"$26,207.90 ",$103.60 ,China,Beijing
476,474,EMIRATES GROUP,"$26,147.70 ",$237.10 ,The United Arab Emirates,Dubai
477,486,CECONOMY,"$26,129.40 ",($252.20),Germany,Düsseldorf
478,478,MICHELIN,"$25,996.70 ","$1,979.10 ",France,Clermont-Ferrand
479,485,NATIONAL AUSTRALIA BANK,"$25,942.70 ","$4,220.60 ",Australia,Docklands
480,459,MONDELEZ INTERNATIONAL,"$25,938.00 ","$3,381.00 ",United States,Deerfield
481,480,ADIDAS,"$25,920.00 ","$2,008.60 ",Germany,Herzogenaurach
482,481,SHANXI JINCHENG ANTHRACITE COAL MINING GROUP,"$25,844.70 ",$52.60 ,China,Jincheng
483,492,RABOBANK GROUP,"$25,823.30 ","$2,235.20 ",Holland,Utrecht
484,496,HENAN ENERGY & CHEMICAL,"$25,781.90 ",($133.30),China,Zhengzhou
485,--,CHINA GENERAL TECHNOLOGY,"$25,779.10 ",$442.70 ,China,Beijing
486,490,U.S. BANCORP,"$25,775.00 ","$7,096.00 ",United States,Minneapolis
487,473,MACY'S,"$25,739.00 ","$1,108.00 ",United States,Cincinnati
488,487,FOMENTO ECON?MICO MEXICANO,"$25,679.00 ","$1,247.30 ",Mexico,Monterrey
489,--,DOLLAR GENERAL,"$25,625.00 ","$1,589.50 ",United States,Goodlettsville
490,--,LG CHEM,"$25,617.30 ","$1,338.50 ",Korea,Seoul
491,447,ONEX,"$25,606.00 ",($663.00),Canada,"Toronto, Ontario"
492,--,FORMOSA PETROCHEMICAL,"$25,462.80 ","$1,993.40 ",China,Mailiao
493,--,SAFRAN,"$25,191.90 ","$1,514.20 ",France,Paris
494,472,ACHMEA,"$25,180.10 ",$370.60 ,Holland,Zeist
495,405,RAJESH EXPORTS,"$25,142.60 ",$184.80 ,India,Bengaluru
496,--,NUCOR,"$25,067.30 ","$2,360.80 ",United States,Charlotte
497,--,BANK OF MONTREAL,"$25,002.70 ","$4,235.10 ",Canada,"Toronto, Ontario"
498,489,TAIKANG INSURANCE GROUP,"$24,931.70 ","$1,794.60 ",China,Beijing
499,470,ULTRAPAR HOLDINGS,"$24,816.00 ",$314.80 ,Brazil,S?o Paulo
500,--,AIR LIQUIDE,"$24,796.60 ","$2,494.20 ",France,Paris
